{
    "name": "swnpcsheet5e",
    "title": "SWNPCSheet",
    "description": "This module will replace the default 5e NPC sheet with an improved version. No change to the underlying data is made.",
    "version": "0.8.3",
    "author": "Kakeman89",
    "systems": ["sw5e"],
    "scripts": [],
    "esmodules": ["/swnpcsheet.js"],
    "styles": ["/css/swnpcsheet.css", "css/rpg-awesome.css"],
    "packs": [],
    "languages": [
        {
          "lang": "en",
          "name": "English",
          "path": "lang/en.json"
        }
    ],
    "url": "https://github.com/syl3r86/BetterNPCSheet5e",
    "manifest": "https://raw.githubusercontent.com/syl3r86/BetterNPCSheet5e/master/module.json",
    "download": "https://github.com/syl3r86/BetterNPCSheet5e/archive/master.zip",
    "minimumCoreVersion": "0.6.3",
    "compatibleCoreVersion": "0.6.4"
}
